-- phpMyAdmin SQL Dump
-- version 4.0.4
-- http://www.phpmyadmin.net
--
-- Host: localhost
-- Generation Time: Nov 25, 2017 at 06:05 AM
-- Server version: 5.6.12-log
-- PHP Version: 5.4.16

SET SQL_MODE = "NO_AUTO_VALUE_ON_ZERO";
SET time_zone = "+00:00";


/*!40101 SET @OLD_CHARACTER_SET_CLIENT=@@CHARACTER_SET_CLIENT */;
/*!40101 SET @OLD_CHARACTER_SET_RESULTS=@@CHARACTER_SET_RESULTS */;
/*!40101 SET @OLD_COLLATION_CONNECTION=@@COLLATION_CONNECTION */;
/*!40101 SET NAMES utf8 */;

--
-- Database: `i_league`
--
CREATE DATABASE IF NOT EXISTS `i_league` DEFAULT CHARACTER SET latin1 COLLATE latin1_swedish_ci;
USE `i_league`;

-- --------------------------------------------------------

--
-- Table structure for table `event`
--

CREATE TABLE IF NOT EXISTS `event` (
  `evnt_id` int(10) NOT NULL AUTO_INCREMENT,
  `evnt_name` varchar(50) NOT NULL,
  `evnt_img` varchar(200) NOT NULL,
  PRIMARY KEY (`evnt_id`)
) ENGINE=InnoDB  DEFAULT CHARSET=latin1 AUTO_INCREMENT=2 ;

--
-- Dumping data for table `event`
--

INSERT INTO `event` (`evnt_id`, `evnt_name`, `evnt_img`) VALUES
(1, 'Music', 'http://localhost/manfete/img/gallery/1_back.jpg');

-- --------------------------------------------------------

--
-- Table structure for table `gate`
--

CREATE TABLE IF NOT EXISTS `gate` (
  `ID` int(2) NOT NULL AUTO_INCREMENT,
  `code` varchar(10) NOT NULL,
  `discription` varchar(100) NOT NULL,
  `capacity` int(10) NOT NULL,
  PRIMARY KEY (`ID`)
) ENGINE=InnoDB  DEFAULT CHARSET=latin1 AUTO_INCREMENT=14 ;

--
-- Dumping data for table `gate`
--

INSERT INTO `gate` (`ID`, `code`, `discription`, `capacity`) VALUES
(1, 'VIP', 'VIP', 20),
(2, 'A', 'Gate A', 20),
(3, 'B', 'Gate B', 20),
(4, 'C', 'Gate C', 20),
(5, 'D', 'Gate D', 20),
(6, 'E', 'Gate E', 20),
(7, 'F', 'Gate F', 20),
(8, 'G', 'Gate G', 20),
(9, 'H', 'Gate H', 20),
(10, 'I', 'Gate I', 20),
(11, 'J', 'Gate J', 20),
(12, 'K', 'Gate D', 20),
(13, 'L', 'Gate L', 20);

-- --------------------------------------------------------

--
-- Table structure for table `login`
--

CREATE TABLE IF NOT EXISTS `login` (
  `id` int(125) NOT NULL,
  `email` varchar(50) NOT NULL,
  `password` varchar(100) NOT NULL,
  `activation_key` varchar(100) NOT NULL,
  `status` varchar(10) NOT NULL DEFAULT 'INACTIVE',
  `created_on` date NOT NULL
) ENGINE=InnoDB DEFAULT CHARSET=latin1;

-- --------------------------------------------------------

--
-- Table structure for table `matchs`
--

CREATE TABLE IF NOT EXISTS `matchs` (
  `ID` int(10) NOT NULL AUTO_INCREMENT,
  `home_team` int(30) NOT NULL,
  `away_team` int(30) NOT NULL,
  `date` datetime NOT NULL,
  PRIMARY KEY (`ID`)
) ENGINE=InnoDB  DEFAULT CHARSET=latin1 AUTO_INCREMENT=10 ;

--
-- Dumping data for table `matchs`
--

INSERT INTO `matchs` (`ID`, `home_team`, `away_team`, `date`) VALUES
(1, 1, 2, '2017-12-15 14:00:00'),
(2, 1, 3, '2017-12-30 14:00:00'),
(3, 1, 4, '2018-01-05 14:00:00'),
(4, 1, 5, '2018-01-23 14:00:00'),
(5, 1, 6, '2018-01-27 14:00:00'),
(6, 1, 7, '2018-02-04 14:00:00'),
(7, 1, 8, '2018-02-10 14:00:00'),
(8, 1, 9, '2018-02-14 14:00:00'),
(9, 1, 10, '2018-02-18 14:00:00');

-- --------------------------------------------------------

--
-- Table structure for table `payment`
--

CREATE TABLE IF NOT EXISTS `payment` (
  `reg_id` int(125) NOT NULL AUTO_INCREMENT,
  `amount` int(10) NOT NULL,
  `status` varchar(10) NOT NULL,
  `tranc_id` varchar(50) NOT NULL,
  `ref_id` varchar(100) NOT NULL,
  PRIMARY KEY (`reg_id`)
) ENGINE=InnoDB  DEFAULT CHARSET=latin1 AUTO_INCREMENT=30 ;

--
-- Dumping data for table `payment`
--

INSERT INTO `payment` (`reg_id`, `amount`, `status`, `tranc_id`, `ref_id`) VALUES
(1, 0, 'INCOMPLETE', 'b39c50bfdf406a32b352', 'xo0KuaGG98iuvw5UagHhJaok48jUfsy22Wz5uzknHxiFhktj7y'),
(2, 32, 'FAILED', '052dec344f7423d474d4', 'h3ejhhkjfoFnGuqUG1xk8YFGbvHmk5UcujxeK6ij4bra19aigw'),
(3, 192, 'INCOMPLETE', '714dab0aca19c2f7f41a', 't40Kg3s9jb8KG0JpjnhhhkwrYjscuWgr7Y8GhwH8F2uHs3FjG9'),
(4, 104, 'INCOMPLETE', '2948dc5c0b81533d4be3', 'qm91chWU2JkhqW6livk68oUFFehG496f9k7114wceh03hFGur4'),
(5, 104, 'INCOMPLETE', 'f60ded82e4696a266ae7', 'hJUnYY1pWWjfi4hvyqhgGFh79hFbtWt19Fwkkd0Uzpphmha9Ga'),
(6, 156, 'FAILED', '6cc59236f1b73258623a', 'iJcGdYaUGJGFmljj1vqGFY0coyiYw90ikjml0G3mJYla82G7p1'),
(7, 156, 'INCOMPLETE', '28efabcf79f587ca46de', 'hfG1aKh7sYkujdtdukoiFnph9cGuk2tWhj8rfjza9FkG5J7kww'),
(8, 260, 'INCOMPLETE', '4438c648b22ccabef11a', '1oaq6juKGlWqlfkGaGee9n6UibkpGfFK94lkoGnli9juUuyzrj'),
(9, 0, 'INCOMPLETE', 'cd07e65b3a5d63747cc6', '9jkkbkK8kFxHkkWgfwxWwns4oumGpd8zwiFa1JJknlyp4wnk1b'),
(10, 0, 'INCOMPLETE', '47df62b44c3bf49e05c9', 'qtrbaFt8zgKhxu19z9ul7dwFb9G1ctajajjlx7hyg8WhYG3nf2'),
(11, 0, 'INCOMPLETE', '58ddecb86b46bfda8046', 'fbFujyJekJtG9JhrGFghGFYpF921GzJFUp9pUzmnam8Gvuht2h'),
(12, 0, 'INCOMPLETE', 'f0701a0b8ca89532fe5a', 'jd34hb8Y1vdmdgap43aluWr1FunJj57uYWusWnWxnYm4oxJG5W'),
(13, 0, 'INCOMPLETE', '8dd5486ab7bdcd9e2077', '1phlhoUafcqzbaH7hcyGh989naqbiHWkjGh5W7j5kWop7huuUk'),
(14, 0, 'INCOMPLETE', 'f4a5e0c48b00d085d6e6', 'WYr0pag9ldn4j1nnad8evn18fuKemwWGjasH4a1u71Ghq5YYqh'),
(15, 0, 'INCOMPLETE', '0331add1499928cc367b', '7aohkcc2FFk1udmqYuptG52Yh5oJx805r20FksWFyf2lKqkGYr'),
(16, 0, 'INCOMPLETE', 'b8aeee343883a604dc69', 'dW8g178ni9ak847H0Gjz999t7xjwwoe8ppHkogYyzcckxKbrna'),
(17, 1, 'INCOMPLETE', 'da258c16d6a155140b55', '945hxkh5ahJU6UYkf7bc35vh2FWh83r3JjWG4zqjmzGG9kdgnW'),
(18, 0, 'INCOMPLETE', '3ba6f2fc7f7316c637c3', '298l9K3jlxwWkjs4kvHu235Jkie64zhukaw3a15qGqqj3cUJ2e'),
(19, 0, 'INCOMPLETE', '720305154b83df2cea44', 'a9vG39nU41faa8u7ka3v0sdab0n1lU9lqYJWGYuGhvicuFvGWu'),
(20, 1, 'INCOMPLETE', '9bc71b4e0f6aada61aae', 'JlJGtkG49d8s5J2x1y9raamjd4a9p5zwt9su8mmxwhkjrkx96s'),
(21, 1, 'INCOMPLETE', '1051f6b5e39b2b821b77', 'x3z79a9JzW8kekUJhwvJKFUkGm19sdoekiGywG7aW4KkUUGfrr'),
(22, 5, 'INCOMPLETE', 'ebff25ed24871ded14b6', 'HokFjeJ7jmzxgYGGall9tUjx85rUu3GkWn8e88yhsKyd1YHFhv'),
(23, 1, 'INCOMPLETE', '5e77fb536900bac97e4b', 'UqafJrx9W58jlUe2m80cWfe8km4au3hcJs3w188Gnckq5fzccm'),
(24, -2, 'INCOMPLETE', '757350842efa0512bf1d', 'fpkFJo0kk9b9WkWaWh8kjmkhkzuKFW3khkaU9paUa4Gzhlm8pi'),
(25, -2, 'INCOMPLETE', '3799210a0facdf2cdec3', 'tw1yG1ubky8hUo3stqnJeUwFnFtkuukccua7JhnahxgU8qiyuf'),
(26, 1, 'INCOMPLETE', 'b7ba89511adc6f22233d', 'syulc3hywnjcYuJac4aJWyzUfvaJo0hsqaU5hu38sphjF7k45o'),
(27, 1, 'INCOMPLETE', '0b98c7c58f883d569d85', 'qewih96puunGu1fc7ddzd0fwnhH9klF512UpFkYkUhd3tWU4ah'),
(28, 6, 'INCOMPLETE', '511f6eb0fffcd57be686', 'J9a7h91u6uax229Yj9fdu99kcFkGjkKUwuhocwdl0nhoagf9ra'),
(29, 2, 'SUCCESS', '683e421c353a581f4bda', 'kuWxuf3GFGFUkUu45oJKhh8k93wd2nk9J8kyjiklhkdabpnJGf');

-- --------------------------------------------------------

--
-- Table structure for table `seats`
--

CREATE TABLE IF NOT EXISTS `seats` (
  `ID` int(10) NOT NULL AUTO_INCREMENT,
  `gate_id` int(10) NOT NULL,
  `match_id` int(10) NOT NULL,
  PRIMARY KEY (`ID`)
) ENGINE=InnoDB  DEFAULT CHARSET=latin1 AUTO_INCREMENT=7 ;

--
-- Dumping data for table `seats`
--

INSERT INTO `seats` (`ID`, `gate_id`, `match_id`) VALUES
(1, 2, 1),
(2, 2, 1),
(3, 5, 2),
(4, 5, 2),
(5, 3, 1),
(6, 3, 1);

-- --------------------------------------------------------

--
-- Table structure for table `site_log`
--

CREATE TABLE IF NOT EXISTS `site_log` (
  `id` int(125) NOT NULL AUTO_INCREMENT,
  `log_date` date NOT NULL,
  `log_time` time NOT NULL,
  PRIMARY KEY (`id`)
) ENGINE=InnoDB  DEFAULT CHARSET=latin1 AUTO_INCREMENT=188 ;

--
-- Dumping data for table `site_log`
--

INSERT INTO `site_log` (`id`, `log_date`, `log_time`) VALUES
(1, '2017-10-04', '15:10:15'),
(2, '2017-10-04', '15:12:35'),
(3, '2017-10-06', '12:02:35'),
(4, '2017-10-06', '12:11:24'),
(5, '2017-10-06', '12:15:16'),
(6, '2017-10-06', '12:15:18'),
(7, '2017-10-06', '12:15:19'),
(8, '2017-10-06', '12:15:19'),
(9, '2017-10-06', '12:15:19'),
(10, '2017-10-06', '12:15:25'),
(11, '2017-10-06', '12:15:28'),
(12, '2017-10-06', '12:15:29'),
(13, '2017-10-06', '12:16:52'),
(14, '2017-10-06', '12:16:58'),
(15, '2017-10-06', '12:17:03'),
(16, '2017-10-06', '12:17:06'),
(17, '2017-10-06', '12:17:09'),
(18, '2017-10-09', '13:36:13'),
(19, '2017-10-09', '13:43:15'),
(20, '2017-10-25', '12:03:53'),
(21, '2017-10-25', '18:44:49'),
(22, '2017-10-26', '11:54:18'),
(23, '2017-11-23', '11:26:05'),
(24, '2017-11-23', '15:06:08'),
(25, '2017-11-23', '15:06:15'),
(26, '2017-11-23', '15:16:48'),
(27, '2017-11-23', '19:23:25'),
(28, '2017-11-23', '19:26:05'),
(29, '2017-11-23', '19:34:21'),
(30, '2017-11-23', '19:36:18'),
(31, '2017-11-23', '19:36:19'),
(32, '2017-11-23', '19:36:53'),
(33, '2017-11-23', '19:38:16'),
(34, '2017-11-23', '19:38:16'),
(35, '2017-11-23', '19:38:17'),
(36, '2017-11-23', '19:39:09'),
(37, '2017-11-23', '19:39:09'),
(38, '2017-11-23', '19:39:10'),
(39, '2017-11-23', '19:39:46'),
(40, '2017-11-23', '19:39:47'),
(41, '2017-11-23', '19:39:47'),
(42, '2017-11-23', '19:39:48'),
(43, '2017-11-23', '19:52:23'),
(44, '2017-11-23', '19:52:25'),
(45, '2017-11-23', '19:53:01'),
(46, '2017-11-23', '19:53:03'),
(47, '2017-11-23', '20:04:16'),
(48, '2017-11-23', '20:04:17'),
(49, '2017-11-23', '20:10:50'),
(50, '2017-11-23', '20:10:52'),
(51, '2017-11-23', '20:11:22'),
(52, '2017-11-23', '20:11:24'),
(53, '2017-11-23', '20:12:31'),
(54, '2017-11-23', '20:12:33'),
(55, '2017-11-23', '20:34:32'),
(56, '2017-11-23', '20:34:35'),
(57, '2017-11-23', '20:37:28'),
(58, '2017-11-23', '20:37:30'),
(59, '2017-11-24', '12:38:50'),
(60, '2017-11-24', '12:38:53'),
(61, '2017-11-24', '12:39:12'),
(62, '2017-11-24', '12:39:19'),
(63, '2017-11-24', '12:39:21'),
(64, '2017-11-24', '12:48:55'),
(65, '2017-11-24', '12:50:54'),
(66, '2017-11-24', '12:50:56'),
(67, '2017-11-24', '13:28:02'),
(68, '2017-11-24', '13:28:05'),
(69, '2017-11-24', '13:34:15'),
(70, '2017-11-24', '13:34:18'),
(71, '2017-11-24', '13:56:59'),
(72, '2017-11-24', '13:57:02'),
(73, '2017-11-24', '13:58:39'),
(74, '2017-11-24', '13:58:41'),
(75, '2017-11-24', '14:12:35'),
(76, '2017-11-24', '14:12:37'),
(77, '2017-11-24', '14:16:40'),
(78, '2017-11-24', '14:16:42'),
(79, '2017-11-24', '14:17:30'),
(80, '2017-11-24', '14:17:32'),
(81, '2017-11-24', '14:22:02'),
(82, '2017-11-24', '14:22:04'),
(83, '2017-11-24', '14:24:11'),
(84, '2017-11-24', '14:24:12'),
(85, '2017-11-24', '14:26:36'),
(86, '2017-11-24', '14:26:38'),
(87, '2017-11-24', '14:31:22'),
(88, '2017-11-24', '14:31:25'),
(89, '2017-11-24', '14:32:28'),
(90, '2017-11-24', '14:32:30'),
(91, '2017-11-24', '14:32:40'),
(92, '2017-11-24', '14:32:42'),
(93, '2017-11-24', '14:39:48'),
(94, '2017-11-24', '14:39:50'),
(95, '2017-11-24', '14:41:07'),
(96, '2017-11-24', '14:41:11'),
(97, '2017-11-24', '14:42:38'),
(98, '2017-11-24', '14:45:13'),
(99, '2017-11-24', '14:45:16'),
(100, '2017-11-24', '14:45:50'),
(101, '2017-11-24', '14:45:52'),
(102, '2017-11-24', '15:08:31'),
(103, '2017-11-24', '15:08:32'),
(104, '2017-11-24', '15:11:17'),
(105, '2017-11-24', '15:11:19'),
(106, '2017-11-24', '15:11:28'),
(107, '2017-11-24', '15:11:30'),
(108, '2017-11-24', '15:13:42'),
(109, '2017-11-24', '15:13:45'),
(110, '2017-11-24', '15:13:56'),
(111, '2017-11-24', '15:14:07'),
(112, '2017-11-24', '15:15:58'),
(113, '2017-11-24', '15:16:00'),
(114, '2017-11-24', '15:17:07'),
(115, '2017-11-24', '15:17:08'),
(116, '2017-11-24', '15:17:54'),
(117, '2017-11-24', '15:17:56'),
(118, '2017-11-24', '15:58:17'),
(119, '2017-11-24', '15:58:21'),
(120, '2017-11-24', '16:03:44'),
(121, '2017-11-24', '16:03:47'),
(122, '2017-11-24', '16:03:53'),
(123, '2017-11-24', '16:04:35'),
(124, '2017-11-24', '16:04:37'),
(125, '2017-11-24', '16:08:14'),
(126, '2017-11-24', '16:08:43'),
(127, '2017-11-24', '16:08:48'),
(128, '2017-11-24', '16:08:50'),
(129, '2017-11-24', '16:10:31'),
(130, '2017-11-24', '16:11:42'),
(131, '2017-11-24', '16:12:24'),
(132, '2017-11-24', '16:13:25'),
(133, '2017-11-24', '16:19:23'),
(134, '2017-11-24', '16:25:38'),
(135, '2017-11-24', '16:25:41'),
(136, '2017-11-24', '16:25:47'),
(137, '2017-11-24', '16:26:03'),
(138, '2017-11-24', '16:26:10'),
(139, '2017-11-24', '16:26:34'),
(140, '2017-11-24', '16:26:38'),
(141, '2017-11-24', '16:28:39'),
(142, '2017-11-24', '16:28:42'),
(143, '2017-11-24', '16:31:10'),
(144, '2017-11-24', '16:31:13'),
(145, '2017-11-24', '16:31:42'),
(146, '2017-11-24', '16:31:46'),
(147, '2017-11-24', '16:33:29'),
(148, '2017-11-24', '16:33:32'),
(149, '2017-11-24', '16:34:26'),
(150, '2017-11-24', '16:34:28'),
(151, '2017-11-24', '16:35:39'),
(152, '2017-11-24', '16:35:43'),
(153, '2017-11-24', '16:36:39'),
(154, '2017-11-24', '16:36:41'),
(155, '2017-11-24', '16:39:22'),
(156, '2017-11-24', '16:39:26'),
(157, '2017-11-24', '16:43:52'),
(158, '2017-11-24', '16:43:54'),
(159, '2017-11-24', '16:44:12'),
(160, '2017-11-24', '16:44:15'),
(161, '2017-11-24', '16:44:28'),
(162, '2017-11-24', '16:44:46'),
(163, '2017-11-24', '16:45:14'),
(164, '2017-11-24', '17:03:15'),
(165, '2017-11-24', '17:04:14'),
(166, '2017-11-24', '17:11:26'),
(167, '2017-11-24', '17:11:29'),
(168, '2017-11-24', '17:11:43'),
(169, '2017-11-24', '17:17:06'),
(170, '2017-11-24', '17:17:50'),
(171, '2017-11-24', '17:17:53'),
(172, '2017-11-24', '17:18:16'),
(173, '2017-11-24', '17:19:04'),
(174, '2017-11-24', '17:19:07'),
(175, '2017-11-24', '17:21:51'),
(176, '2017-11-24', '17:21:54'),
(177, '2017-11-25', '08:48:35'),
(178, '2017-11-25', '08:51:42'),
(179, '2017-11-25', '08:52:27'),
(180, '2017-11-25', '08:53:32'),
(181, '2017-11-25', '08:55:39'),
(182, '2017-11-25', '09:14:46'),
(183, '2017-11-25', '09:17:27'),
(184, '2017-11-25', '09:18:02'),
(185, '2017-11-25', '09:20:28'),
(186, '2017-11-25', '09:21:14'),
(187, '2017-11-25', '11:11:45');

-- --------------------------------------------------------

--
-- Table structure for table `sql_data`
--

CREATE TABLE IF NOT EXISTS `sql_data` (
  `id` int(125) NOT NULL AUTO_INCREMENT,
  `sql_code` varchar(200) NOT NULL,
  `sync` varchar(10) NOT NULL DEFAULT 'NO',
  PRIMARY KEY (`id`),
  UNIQUE KEY `sql_code` (`sql_code`)
) ENGINE=InnoDB  DEFAULT CHARSET=latin1 AUTO_INCREMENT=2 ;

--
-- Dumping data for table `sql_data`
--

INSERT INTO `sql_data` (`id`, `sql_code`, `sync`) VALUES
(1, 'UPDATE `ticket` SET `status`=''CLOSED'',`entry`=''2017-10-31 14:22:07'' where barcode=''SLN1001''', 'NO');

-- --------------------------------------------------------

--
-- Table structure for table `team`
--

CREATE TABLE IF NOT EXISTS `team` (
  `ID` int(10) NOT NULL AUTO_INCREMENT,
  `name` varchar(100) NOT NULL,
  `code` varchar(100) NOT NULL,
  `image` varchar(200) NOT NULL,
  PRIMARY KEY (`ID`)
) ENGINE=InnoDB  DEFAULT CHARSET=latin1 AUTO_INCREMENT=11 ;

--
-- Dumping data for table `team`
--

INSERT INTO `team` (`ID`, `name`, `code`, `image`) VALUES
(1, 'NEROCA FC', 'NEROCA FC', 'neroca.png'),
(2, 'CHENNAI CITY FC', 'CHENNAI CITY FC', 'chennai.png'),
(3, 'KINGFISHER EAST BENGAL', 'KINGFISHER EAST BENGAL', 'king.png'),
(4, 'INDIAN ARROWS', 'INDIAN ARROWS', 'indian.png'),
(5, 'SHILLONG LAJONG FOOTBALL CLUB', 'SHILLONG LAJONG FOOTBALL CLUB', 'shillong.png'),
(6, 'MINERVA', 'MINERVA PUNJAB FC', 'minerva.png'),
(7, 'GOKULAM KERALA FC', 'GOKULAM KERALA FC', 'gokulam.png'),
(8, 'AIZAWL FC', 'AIZAWL FC', 'aizawl.png'),
(9, 'CHURCHILL BROTHERS FC GOA', 'CHURCHILL BROTHERS FC GOA', 'churchill.png'),
(10, 'MOHUN BAGAN', 'MOHUN BAGAN', 'mohun.png');

-- --------------------------------------------------------

--
-- Table structure for table `ticket`
--

CREATE TABLE IF NOT EXISTS `ticket` (
  `id` int(120) NOT NULL AUTO_INCREMENT,
  `sl` int(120) NOT NULL,
  `type` varchar(20) NOT NULL,
  `barcode` varchar(120) NOT NULL,
  `status` varchar(20) NOT NULL,
  `entry` timestamp NOT NULL DEFAULT CURRENT_TIMESTAMP ON UPDATE CURRENT_TIMESTAMP,
  `match_id` int(10) NOT NULL,
  `gate_id` int(10) NOT NULL,
  PRIMARY KEY (`id`),
  UNIQUE KEY `barcode` (`barcode`)
) ENGINE=InnoDB  DEFAULT CHARSET=latin1 AUTO_INCREMENT=353 ;

--
-- Dumping data for table `ticket`
--

INSERT INTO `ticket` (`id`, `sl`, `type`, `barcode`, `status`, `entry`, `match_id`, `gate_id`) VALUES
(1, 1001, 'SLN', 'SLN1001', 'CLOSED', '2017-10-31 08:52:07', 0, 0),
(2, 1002, 'SLN', 'SLN1002', 'OPEN', '2017-10-04 10:23:18', 0, 0),
(3, 1003, 'SLN', 'SLN1003', 'OPEN', '2017-10-04 10:23:18', 0, 0),
(4, 1004, 'SLN', 'SLN1004', 'OPEN', '2017-10-04 10:23:18', 0, 0),
(5, 1005, 'SLN', 'SLN1005', 'OPEN', '2017-10-04 10:23:18', 0, 0),
(6, 1006, 'SLN', 'SLN1006', 'OPEN', '2017-10-04 10:23:18', 0, 0),
(7, 1007, 'SLN', 'SLN1007', 'OPEN', '2017-10-04 10:23:18', 0, 0),
(8, 1008, 'SLN', 'SLN1008', 'OPEN', '2017-10-04 10:23:18', 0, 0),
(9, 1009, 'SLN', 'SLN1009', 'OPEN', '2017-10-04 10:23:18', 0, 0),
(10, 1010, 'SLN', 'SLN1010', 'OPEN', '2017-10-04 10:23:18', 0, 0),
(11, 1011, 'SLN', 'SLN1011', 'OPEN', '2017-10-04 10:23:19', 0, 0),
(12, 1012, 'SLN', 'SLN1012', 'OPEN', '2017-10-04 10:23:19', 0, 0),
(13, 1013, 'SLN', 'SLN1013', 'OPEN', '2017-10-04 10:23:19', 0, 0),
(14, 1014, 'SLN', 'SLN1014', 'OPEN', '2017-10-04 10:23:19', 0, 0),
(15, 1015, 'SLN', 'SLN1015', 'OPEN', '2017-10-04 10:23:19', 0, 0),
(16, 1016, 'SLN', 'SLN1016', 'OPEN', '2017-10-04 10:23:19', 0, 0),
(17, 1017, 'SLN', 'SLN1017', 'OPEN', '2017-10-04 10:23:19', 0, 0),
(18, 1018, 'SLN', 'SLN1018', 'OPEN', '2017-10-04 10:23:19', 0, 0),
(19, 1019, 'SLN', 'SLN1019', 'OPEN', '2017-10-04 10:23:19', 0, 0),
(20, 1020, 'SLN', 'SLN1020', 'OPEN', '2017-10-04 10:23:19', 0, 0),
(21, 1021, 'SLN', 'SLN1021', 'OPEN', '2017-10-04 10:23:19', 0, 0),
(22, 1022, 'SLN', 'SLN1022', 'OPEN', '2017-10-04 10:23:19', 0, 0),
(23, 1023, 'SLN', 'SLN1023', 'OPEN', '2017-10-04 10:23:19', 0, 0),
(24, 1024, 'SLN', 'SLN1024', 'OPEN', '2017-10-04 10:23:19', 0, 0),
(25, 1025, 'SLN', 'SLN1025', 'OPEN', '2017-10-04 10:23:19', 0, 0),
(26, 1026, 'SLN', 'SLN1026', 'OPEN', '2017-10-04 10:23:19', 0, 0),
(27, 1027, 'SLN', 'SLN1027', 'OPEN', '2017-10-04 10:23:19', 0, 0),
(28, 1028, 'SLN', 'SLN1028', 'OPEN', '2017-10-04 10:23:19', 0, 0),
(29, 1029, 'SLN', 'SLN1029', 'OPEN', '2017-10-04 10:23:19', 0, 0),
(30, 1030, 'SLN', 'SLN1030', 'OPEN', '2017-10-04 10:23:19', 0, 0),
(31, 1031, 'SLN', 'SLN1031', 'OPEN', '2017-10-04 10:23:19', 0, 0),
(32, 1032, 'SLN', 'SLN1032', 'OPEN', '2017-10-04 10:23:19', 0, 0),
(33, 1033, 'SLN', 'SLN1033', 'OPEN', '2017-10-04 10:23:19', 0, 0),
(34, 1034, 'SLN', 'SLN1034', 'OPEN', '2017-10-04 10:23:19', 0, 0),
(35, 1035, 'SLN', 'SLN1035', 'OPEN', '2017-10-04 10:23:19', 0, 0),
(36, 1036, 'SLN', 'SLN1036', 'OPEN', '2017-10-04 10:23:19', 0, 0),
(37, 1037, 'SLN', 'SLN1037', 'OPEN', '2017-10-04 10:23:19', 0, 0),
(38, 1038, 'SLN', 'SLN1038', 'OPEN', '2017-10-04 10:23:19', 0, 0),
(39, 1039, 'SLN', 'SLN1039', 'OPEN', '2017-10-04 10:23:19', 0, 0),
(40, 1040, 'SLN', 'SLN1040', 'OPEN', '2017-10-04 10:23:19', 0, 0),
(41, 1041, 'SLN', 'SLN1041', 'OPEN', '2017-10-04 10:23:19', 0, 0),
(42, 1042, 'SLN', 'SLN1042', 'OPEN', '2017-10-04 10:23:19', 0, 0),
(43, 1043, 'SLN', 'SLN1043', 'OPEN', '2017-10-04 10:23:19', 0, 0),
(44, 1044, 'SLN', 'SLN1044', 'OPEN', '2017-10-04 10:23:19', 0, 0),
(45, 1045, 'SLN', 'SLN1045', 'OPEN', '2017-10-04 10:23:19', 0, 0),
(46, 1046, 'SLN', 'SLN1046', 'OPEN', '2017-10-04 10:23:19', 0, 0),
(47, 1047, 'SLN', 'SLN1047', 'OPEN', '2017-10-04 10:23:20', 0, 0),
(48, 1048, 'SLN', 'SLN1048', 'OPEN', '2017-10-04 10:23:20', 0, 0),
(49, 1049, 'SLN', 'SLN1049', 'OPEN', '2017-10-04 10:23:20', 0, 0),
(50, 1050, 'SLN', 'SLN1050', 'OPEN', '2017-10-04 10:23:20', 0, 0),
(51, 1051, 'SLN', 'SLN1051', 'OPEN', '2017-10-04 10:23:20', 0, 0),
(52, 1052, 'SLN', 'SLN1052', 'OPEN', '2017-10-04 10:23:20', 0, 0),
(53, 1053, 'SLN', 'SLN1053', 'OPEN', '2017-10-04 10:23:20', 0, 0),
(54, 1054, 'SLN', 'SLN1054', 'OPEN', '2017-10-04 10:23:20', 0, 0),
(55, 1055, 'SLN', 'SLN1055', 'OPEN', '2017-10-04 10:23:20', 0, 0),
(56, 1056, 'SLN', 'SLN1056', 'OPEN', '2017-10-04 10:23:20', 0, 0),
(57, 1057, 'SLN', 'SLN1057', 'OPEN', '2017-10-04 10:23:20', 0, 0),
(58, 1058, 'SLN', 'SLN1058', 'OPEN', '2017-10-04 10:23:20', 0, 0),
(59, 1059, 'SLN', 'SLN1059', 'OPEN', '2017-10-04 10:23:20', 0, 0),
(60, 1060, 'SLN', 'SLN1060', 'OPEN', '2017-10-04 10:23:20', 0, 0),
(61, 1061, 'SLN', 'SLN1061', 'OPEN', '2017-10-04 10:23:20', 0, 0),
(62, 1062, 'SLN', 'SLN1062', 'OPEN', '2017-10-04 10:23:20', 0, 0),
(63, 1063, 'SLN', 'SLN1063', 'OPEN', '2017-10-04 10:23:20', 0, 0),
(64, 1064, 'SLN', 'SLN1064', 'OPEN', '2017-10-04 10:23:20', 0, 0),
(65, 1065, 'SLN', 'SLN1065', 'OPEN', '2017-10-04 10:23:20', 0, 0),
(66, 1066, 'SLN', 'SLN1066', 'OPEN', '2017-10-04 10:23:20', 0, 0),
(67, 1067, 'SLN', 'SLN1067', 'OPEN', '2017-10-04 10:23:20', 0, 0),
(68, 1068, 'SLN', 'SLN1068', 'OPEN', '2017-10-04 10:23:20', 0, 0),
(69, 1069, 'SLN', 'SLN1069', 'OPEN', '2017-10-04 10:23:20', 0, 0),
(70, 1070, 'SLN', 'SLN1070', 'OPEN', '2017-10-04 10:23:20', 0, 0),
(71, 1071, 'SLN', 'SLN1071', 'OPEN', '2017-10-04 10:23:20', 0, 0),
(72, 1072, 'SLN', 'SLN1072', 'OPEN', '2017-10-04 10:23:20', 0, 0),
(73, 1073, 'SLN', 'SLN1073', 'OPEN', '2017-10-04 10:23:20', 0, 0),
(74, 1074, 'SLN', 'SLN1074', 'OPEN', '2017-10-04 10:23:20', 0, 0),
(75, 1075, 'SLN', 'SLN1075', 'OPEN', '2017-10-04 10:23:20', 0, 0),
(76, 1076, 'SLN', 'SLN1076', 'OPEN', '2017-10-04 10:23:20', 0, 0),
(77, 1077, 'SLN', 'SLN1077', 'OPEN', '2017-10-04 10:23:20', 0, 0),
(78, 1078, 'SLN', 'SLN1078', 'OPEN', '2017-10-04 10:23:20', 0, 0),
(79, 1079, 'SLN', 'SLN1079', 'OPEN', '2017-10-04 10:23:20', 0, 0),
(80, 1080, 'SLN', 'SLN1080', 'OPEN', '2017-10-04 10:23:20', 0, 0),
(81, 1081, 'SLN', 'SLN1081', 'OPEN', '2017-10-04 10:23:20', 0, 0),
(82, 1082, 'SLN', 'SLN1082', 'OPEN', '2017-10-04 10:23:20', 0, 0),
(83, 1083, 'SLN', 'SLN1083', 'OPEN', '2017-10-04 10:23:20', 0, 0),
(84, 1084, 'SLN', 'SLN1084', 'OPEN', '2017-10-04 10:23:20', 0, 0),
(85, 1085, 'SLN', 'SLN1085', 'OPEN', '2017-10-04 10:23:20', 0, 0),
(86, 1086, 'SLN', 'SLN1086', 'OPEN', '2017-10-04 10:23:20', 0, 0),
(87, 1087, 'SLN', 'SLN1087', 'OPEN', '2017-10-04 10:23:20', 0, 0),
(88, 1088, 'SLN', 'SLN1088', 'OPEN', '2017-10-04 10:23:20', 0, 0),
(89, 1089, 'SLN', 'SLN1089', 'OPEN', '2017-10-04 10:23:20', 0, 0),
(90, 1090, 'SLN', 'SLN1090', 'OPEN', '2017-10-04 10:23:20', 0, 0),
(91, 1091, 'SLN', 'SLN1091', 'OPEN', '2017-10-04 10:23:20', 0, 0),
(92, 1092, 'SLN', 'SLN1092', 'OPEN', '2017-10-04 10:23:20', 0, 0),
(93, 1093, 'SLN', 'SLN1093', 'OPEN', '2017-10-04 10:23:20', 0, 0),
(94, 1094, 'SLN', 'SLN1094', 'OPEN', '2017-10-04 10:23:21', 0, 0),
(95, 1095, 'SLN', 'SLN1095', 'OPEN', '2017-10-04 10:23:21', 0, 0),
(96, 1096, 'SLN', 'SLN1096', 'OPEN', '2017-10-04 10:23:21', 0, 0),
(97, 1097, 'SLN', 'SLN1097', 'OPEN', '2017-10-04 10:23:21', 0, 0),
(98, 1098, 'SLN', 'SLN1098', 'OPEN', '2017-10-04 10:23:21', 0, 0),
(99, 1099, 'SLN', 'SLN1099', 'OPEN', '2017-10-04 10:23:21', 0, 0),
(100, 1100, 'SLN', 'SLN1100', 'OPEN', '2017-10-04 10:23:21', 0, 0),
(101, 1101, 'SLN', 'SLN1101', 'OPEN', '2017-10-04 10:23:21', 0, 0),
(102, 1102, 'SLN', 'SLN1102', 'OPEN', '2017-10-04 10:23:21', 0, 0),
(103, 1103, 'SLN', 'SLN1103', 'OPEN', '2017-10-04 10:23:21', 0, 0),
(104, 1104, 'SLN', 'SLN1104', 'OPEN', '2017-10-04 10:23:21', 0, 0),
(105, 1105, 'SLN', 'SLN1105', 'OPEN', '2017-10-04 10:23:21', 0, 0),
(106, 1106, 'SLN', 'SLN1106', 'OPEN', '2017-10-04 10:23:21', 0, 0),
(107, 1107, 'SLN', 'SLN1107', 'OPEN', '2017-10-04 10:23:21', 0, 0),
(108, 1108, 'SLN', 'SLN1108', 'OPEN', '2017-10-04 10:23:21', 0, 0),
(109, 1109, 'SLN', 'SLN1109', 'OPEN', '2017-10-04 10:23:21', 0, 0),
(110, 1110, 'SLN', 'SLN1110', 'OPEN', '2017-10-04 10:23:21', 0, 0),
(111, 1111, 'SLN', 'SLN1111', 'OPEN', '2017-10-04 10:23:21', 0, 0),
(112, 1112, 'SLN', 'SLN1112', 'OPEN', '2017-10-04 10:23:21', 0, 0),
(113, 1113, 'SLN', 'SLN1113', 'OPEN', '2017-10-04 10:23:21', 0, 0),
(114, 1114, 'SLN', 'SLN1114', 'OPEN', '2017-10-04 10:23:21', 0, 0),
(115, 1115, 'SLN', 'SLN1115', 'OPEN', '2017-10-04 10:23:21', 0, 0),
(116, 1116, 'SLN', 'SLN1116', 'OPEN', '2017-10-04 10:23:21', 0, 0),
(117, 1117, 'SLN', 'SLN1117', 'OPEN', '2017-10-04 10:23:21', 0, 0),
(118, 1118, 'SLN', 'SLN1118', 'OPEN', '2017-10-04 10:23:21', 0, 0),
(119, 1119, 'SLN', 'SLN1119', 'OPEN', '2017-10-04 10:23:21', 0, 0),
(120, 1120, 'SLN', 'SLN1120', 'OPEN', '2017-10-04 10:23:21', 0, 0),
(121, 1121, 'SLN', 'SLN1121', 'OPEN', '2017-10-04 10:23:21', 0, 0),
(122, 1122, 'SLN', 'SLN1122', 'OPEN', '2017-10-04 10:23:21', 0, 0),
(123, 1123, 'SLN', 'SLN1123', 'OPEN', '2017-10-04 10:23:21', 0, 0),
(124, 1124, 'SLN', 'SLN1124', 'OPEN', '2017-10-04 10:23:21', 0, 0),
(125, 1125, 'SLN', 'SLN1125', 'OPEN', '2017-10-04 10:23:21', 0, 0),
(126, 1126, 'SLN', 'SLN1126', 'OPEN', '2017-10-04 10:23:21', 0, 0),
(127, 1127, 'SLN', 'SLN1127', 'OPEN', '2017-10-04 10:23:21', 0, 0),
(128, 1128, 'SLN', 'SLN1128', 'OPEN', '2017-10-04 10:23:21', 0, 0),
(129, 1129, 'SLN', 'SLN1129', 'OPEN', '2017-10-04 10:23:21', 0, 0),
(130, 1130, 'SLN', 'SLN1130', 'OPEN', '2017-10-04 10:23:21', 0, 0),
(131, 1131, 'SLN', 'SLN1131', 'OPEN', '2017-10-04 10:23:21', 0, 0),
(132, 1132, 'SLN', 'SLN1132', 'OPEN', '2017-10-04 10:23:21', 0, 0),
(133, 1133, 'SLN', 'SLN1133', 'OPEN', '2017-10-04 10:23:21', 0, 0),
(134, 1134, 'SLN', 'SLN1134', 'OPEN', '2017-10-04 10:23:21', 0, 0),
(135, 1135, 'SLN', 'SLN1135', 'OPEN', '2017-10-04 10:23:21', 0, 0),
(136, 1136, 'SLN', 'SLN1136', 'OPEN', '2017-10-04 10:23:21', 0, 0),
(137, 1137, 'SLN', 'SLN1137', 'OPEN', '2017-10-04 10:23:21', 0, 0),
(138, 1138, 'SLN', 'SLN1138', 'OPEN', '2017-10-04 10:23:21', 0, 0),
(139, 1139, 'SLN', 'SLN1139', 'OPEN', '2017-10-04 10:23:21', 0, 0),
(140, 1140, 'SLN', 'SLN1140', 'OPEN', '2017-10-04 10:23:21', 0, 0),
(141, 1141, 'SLN', 'SLN1141', 'OPEN', '2017-10-04 10:23:22', 0, 0),
(142, 1142, 'SLN', 'SLN1142', 'OPEN', '2017-10-04 10:23:22', 0, 0),
(143, 1143, 'SLN', 'SLN1143', 'OPEN', '2017-10-04 10:23:22', 0, 0),
(144, 1144, 'SLN', 'SLN1144', 'OPEN', '2017-10-04 10:23:22', 0, 0),
(145, 1145, 'SLN', 'SLN1145', 'OPEN', '2017-10-04 10:23:22', 0, 0),
(146, 1146, 'SLN', 'SLN1146', 'OPEN', '2017-10-04 10:23:22', 0, 0),
(147, 1147, 'SLN', 'SLN1147', 'OPEN', '2017-10-04 10:23:22', 0, 0),
(148, 1148, 'SLN', 'SLN1148', 'OPEN', '2017-10-04 10:23:22', 0, 0),
(149, 1149, 'SLN', 'SLN1149', 'OPEN', '2017-10-04 10:23:22', 0, 0),
(150, 1150, 'SLN', 'SLN1150', 'OPEN', '2017-10-04 10:23:22', 0, 0),
(151, 1151, 'SLN', 'SLN1151', 'OPEN', '2017-10-04 10:23:22', 0, 0),
(152, 1152, 'SLN', 'SLN1152', 'OPEN', '2017-10-04 10:23:22', 0, 0),
(153, 1153, 'SLN', 'SLN1153', 'OPEN', '2017-10-04 10:23:22', 0, 0),
(154, 1154, 'SLN', 'SLN1154', 'OPEN', '2017-10-04 10:23:22', 0, 0),
(155, 1155, 'SLN', 'SLN1155', 'OPEN', '2017-10-04 10:23:22', 0, 0),
(156, 1156, 'SLN', 'SLN1156', 'OPEN', '2017-10-04 10:23:22', 0, 0),
(157, 1157, 'SLN', 'SLN1157', 'OPEN', '2017-10-04 10:23:22', 0, 0),
(158, 1158, 'SLN', 'SLN1158', 'OPEN', '2017-10-04 10:23:22', 0, 0),
(159, 1159, 'SLN', 'SLN1159', 'OPEN', '2017-10-04 10:23:22', 0, 0),
(160, 1160, 'SLN', 'SLN1160', 'OPEN', '2017-10-04 10:23:22', 0, 0),
(161, 1161, 'SLN', 'SLN1161', 'OPEN', '2017-10-04 10:23:22', 0, 0),
(162, 1162, 'SLN', 'SLN1162', 'OPEN', '2017-10-04 10:23:22', 0, 0),
(163, 1163, 'SLN', 'SLN1163', 'OPEN', '2017-10-04 10:23:22', 0, 0),
(164, 1164, 'SLN', 'SLN1164', 'OPEN', '2017-10-04 10:23:22', 0, 0),
(165, 1165, 'SLN', 'SLN1165', 'OPEN', '2017-10-04 10:23:22', 0, 0),
(166, 1166, 'SLN', 'SLN1166', 'OPEN', '2017-10-04 10:23:22', 0, 0),
(167, 1167, 'SLN', 'SLN1167', 'OPEN', '2017-10-04 10:23:22', 0, 0),
(168, 1168, 'SLN', 'SLN1168', 'OPEN', '2017-10-04 10:23:22', 0, 0),
(169, 1169, 'SLN', 'SLN1169', 'OPEN', '2017-10-04 10:23:22', 0, 0),
(170, 1170, 'SLN', 'SLN1170', 'OPEN', '2017-10-04 10:23:22', 0, 0),
(171, 1171, 'SLN', 'SLN1171', 'OPEN', '2017-10-04 10:23:22', 0, 0),
(172, 1172, 'SLN', 'SLN1172', 'OPEN', '2017-10-04 10:23:22', 0, 0),
(173, 1173, 'SLN', 'SLN1173', 'OPEN', '2017-10-04 10:23:22', 0, 0),
(174, 1174, 'SLN', 'SLN1174', 'OPEN', '2017-10-04 10:23:22', 0, 0),
(175, 1175, 'SLN', 'SLN1175', 'OPEN', '2017-10-04 10:23:22', 0, 0),
(176, 1176, 'SLN', 'SLN1176', 'OPEN', '2017-10-04 10:23:22', 0, 0),
(177, 1177, 'SLN', 'SLN1177', 'OPEN', '2017-10-04 10:23:22', 0, 0),
(178, 1178, 'SLN', 'SLN1178', 'OPEN', '2017-10-04 10:23:22', 0, 0),
(179, 1179, 'SLN', 'SLN1179', 'OPEN', '2017-10-04 10:23:22', 0, 0),
(180, 1180, 'SLN', 'SLN1180', 'OPEN', '2017-10-04 10:23:22', 0, 0),
(181, 1181, 'SLN', 'SLN1181', 'OPEN', '2017-10-04 10:23:22', 0, 0),
(182, 1182, 'SLN', 'SLN1182', 'OPEN', '2017-10-04 10:23:22', 0, 0),
(183, 1183, 'SLN', 'SLN1183', 'OPEN', '2017-10-04 10:23:22', 0, 0),
(184, 1184, 'SLN', 'SLN1184', 'OPEN', '2017-10-04 10:23:22', 0, 0),
(185, 1185, 'SLN', 'SLN1185', 'OPEN', '2017-10-04 10:23:22', 0, 0),
(186, 1186, 'SLN', 'SLN1186', 'OPEN', '2017-10-04 10:23:23', 0, 0),
(187, 1187, 'SLN', 'SLN1187', 'OPEN', '2017-10-04 10:23:23', 0, 0),
(188, 1188, 'SLN', 'SLN1188', 'OPEN', '2017-10-04 10:23:23', 0, 0),
(189, 1189, 'SLN', 'SLN1189', 'OPEN', '2017-10-04 10:23:23', 0, 0),
(190, 1190, 'SLN', 'SLN1190', 'OPEN', '2017-10-04 10:23:23', 0, 0),
(191, 1191, 'SLN', 'SLN1191', 'OPEN', '2017-10-04 10:23:23', 0, 0),
(192, 1192, 'SLN', 'SLN1192', 'OPEN', '2017-10-04 10:23:23', 0, 0),
(193, 1193, 'SLN', 'SLN1193', 'OPEN', '2017-10-04 10:23:23', 0, 0),
(194, 1194, 'SLN', 'SLN1194', 'OPEN', '2017-10-04 10:23:23', 0, 0),
(195, 1195, 'SLN', 'SLN1195', 'OPEN', '2017-10-04 10:23:23', 0, 0),
(196, 1196, 'SLN', 'SLN1196', 'OPEN', '2017-10-04 10:23:23', 0, 0),
(197, 1197, 'SLN', 'SLN1197', 'OPEN', '2017-10-04 10:23:23', 0, 0),
(198, 1198, 'SLN', 'SLN1198', 'OPEN', '2017-10-04 10:23:23', 0, 0),
(199, 1199, 'SLN', 'SLN1199', 'OPEN', '2017-10-04 10:23:23', 0, 0),
(200, 1200, 'SLN', 'SLN1200', 'OPEN', '2017-10-04 10:23:23', 0, 0),
(201, 1201, 'SLN', 'SLN1201', 'OPEN', '2017-10-04 10:23:23', 0, 0),
(202, 1202, 'SLN', 'SLN1202', 'OPEN', '2017-10-04 10:23:23', 0, 0),
(203, 1203, 'SLN', 'SLN1203', 'OPEN', '2017-10-04 10:23:23', 0, 0),
(204, 1204, 'SLN', 'SLN1204', 'OPEN', '2017-10-04 10:23:23', 0, 0),
(205, 1205, 'SLN', 'SLN1205', 'OPEN', '2017-10-04 10:23:23', 0, 0),
(206, 1206, 'SLN', 'SLN1206', 'OPEN', '2017-10-04 10:23:23', 0, 0),
(207, 1207, 'SLN', 'SLN1207', 'OPEN', '2017-10-04 10:23:23', 0, 0),
(208, 1208, 'SLN', 'SLN1208', 'OPEN', '2017-10-04 10:23:23', 0, 0),
(209, 1209, 'SLN', 'SLN1209', 'OPEN', '2017-10-04 10:23:23', 0, 0),
(210, 1210, 'SLN', 'SLN1210', 'OPEN', '2017-10-04 10:23:23', 0, 0),
(211, 1211, 'SLN', 'SLN1211', 'OPEN', '2017-10-04 10:23:23', 0, 0),
(212, 1212, 'SLN', 'SLN1212', 'OPEN', '2017-10-04 10:23:23', 0, 0),
(213, 1213, 'SLN', 'SLN1213', 'OPEN', '2017-10-04 10:23:23', 0, 0),
(214, 1214, 'SLN', 'SLN1214', 'OPEN', '2017-10-04 10:23:23', 0, 0),
(215, 1215, 'SLN', 'SLN1215', 'OPEN', '2017-10-04 10:23:23', 0, 0),
(216, 1216, 'SLN', 'SLN1216', 'OPEN', '2017-10-04 10:23:23', 0, 0),
(217, 1217, 'SLN', 'SLN1217', 'OPEN', '2017-10-04 10:23:23', 0, 0),
(218, 1218, 'SLN', 'SLN1218', 'OPEN', '2017-10-04 10:23:24', 0, 0),
(219, 1219, 'SLN', 'SLN1219', 'OPEN', '2017-10-04 10:23:24', 0, 0),
(220, 1220, 'SLN', 'SLN1220', 'OPEN', '2017-10-04 10:23:24', 0, 0),
(221, 1221, 'SLN', 'SLN1221', 'OPEN', '2017-10-04 10:23:24', 0, 0),
(222, 1222, 'SLN', 'SLN1222', 'OPEN', '2017-10-04 10:23:24', 0, 0),
(223, 1223, 'SLN', 'SLN1223', 'OPEN', '2017-10-04 10:23:24', 0, 0),
(224, 1224, 'SLN', 'SLN1224', 'OPEN', '2017-10-04 10:23:24', 0, 0),
(225, 1225, 'SLN', 'SLN1225', 'OPEN', '2017-10-04 10:23:24', 0, 0),
(226, 1226, 'SLN', 'SLN1226', 'OPEN', '2017-10-04 10:23:24', 0, 0),
(227, 1227, 'SLN', 'SLN1227', 'OPEN', '2017-10-04 10:23:24', 0, 0),
(228, 1228, 'SLN', 'SLN1228', 'OPEN', '2017-10-04 10:23:24', 0, 0),
(229, 1229, 'SLN', 'SLN1229', 'OPEN', '2017-10-04 10:23:24', 0, 0),
(230, 1230, 'SLN', 'SLN1230', 'OPEN', '2017-10-04 10:23:24', 0, 0),
(231, 1231, 'SLN', 'SLN1231', 'OPEN', '2017-10-04 10:23:24', 0, 0),
(232, 1232, 'SLN', 'SLN1232', 'OPEN', '2017-10-04 10:23:24', 0, 0),
(233, 1233, 'SLN', 'SLN1233', 'OPEN', '2017-10-04 10:23:25', 0, 0),
(234, 1234, 'SLN', 'SLN1234', 'OPEN', '2017-10-04 10:23:25', 0, 0),
(235, 1235, 'SLN', 'SLN1235', 'OPEN', '2017-10-04 10:23:25', 0, 0),
(236, 1236, 'SLN', 'SLN1236', 'OPEN', '2017-10-04 10:23:25', 0, 0),
(237, 1237, 'SLN', 'SLN1237', 'OPEN', '2017-10-04 10:23:25', 0, 0),
(238, 1238, 'SLN', 'SLN1238', 'OPEN', '2017-10-04 10:23:25', 0, 0),
(239, 1239, 'SLN', 'SLN1239', 'OPEN', '2017-10-04 10:23:25', 0, 0),
(240, 1240, 'SLN', 'SLN1240', 'OPEN', '2017-10-04 10:23:25', 0, 0),
(241, 1241, 'SLN', 'SLN1241', 'OPEN', '2017-10-04 10:23:25', 0, 0),
(242, 1242, 'SLN', 'SLN1242', 'OPEN', '2017-10-04 10:23:25', 0, 0),
(243, 1243, 'SLN', 'SLN1243', 'OPEN', '2017-10-04 10:23:25', 0, 0),
(244, 1244, 'SLN', 'SLN1244', 'OPEN', '2017-10-04 10:23:25', 0, 0),
(245, 1245, 'SLN', 'SLN1245', 'OPEN', '2017-10-04 10:23:25', 0, 0),
(246, 1246, 'SLN', 'SLN1246', 'OPEN', '2017-10-04 10:23:25', 0, 0),
(247, 1247, 'SLN', 'SLN1247', 'OPEN', '2017-10-04 10:23:25', 0, 0),
(248, 1248, 'SLN', 'SLN1248', 'OPEN', '2017-10-04 10:23:25', 0, 0),
(249, 1249, 'SLN', 'SLN1249', 'OPEN', '2017-10-04 10:23:25', 0, 0),
(250, 1250, 'SLN', 'SLN1250', 'OPEN', '2017-10-04 10:23:25', 0, 0),
(251, 1251, 'SLN', 'SLN1251', 'OPEN', '2017-10-04 10:23:25', 0, 0),
(252, 1252, 'SLN', 'SLN1252', 'OPEN', '2017-10-04 10:23:25', 0, 0),
(253, 1253, 'SLN', 'SLN1253', 'OPEN', '2017-10-04 10:23:25', 0, 0),
(254, 1254, 'SLN', 'SLN1254', 'OPEN', '2017-10-04 10:23:25', 0, 0),
(255, 1255, 'SLN', 'SLN1255', 'OPEN', '2017-10-04 10:23:25', 0, 0),
(256, 1256, 'SLN', 'SLN1256', 'OPEN', '2017-10-04 10:23:25', 0, 0),
(257, 1257, 'SLN', 'SLN1257', 'OPEN', '2017-10-04 10:23:25', 0, 0),
(258, 1258, 'SLN', 'SLN1258', 'OPEN', '2017-10-04 10:23:25', 0, 0),
(259, 1259, 'SLN', 'SLN1259', 'OPEN', '2017-10-04 10:23:25', 0, 0),
(260, 1260, 'SLN', 'SLN1260', 'OPEN', '2017-10-04 10:23:25', 0, 0),
(261, 1261, 'SLN', 'SLN1261', 'OPEN', '2017-10-04 10:23:25', 0, 0),
(262, 1262, 'SLN', 'SLN1262', 'OPEN', '2017-10-04 10:23:25', 0, 0),
(263, 1263, 'SLN', 'SLN1263', 'OPEN', '2017-10-04 10:23:25', 0, 0),
(264, 1264, 'SLN', 'SLN1264', 'OPEN', '2017-10-04 10:23:25', 0, 0),
(265, 1265, 'SLN', 'SLN1265', 'OPEN', '2017-10-04 10:23:25', 0, 0),
(266, 1266, 'SLN', 'SLN1266', 'OPEN', '2017-10-04 10:23:25', 0, 0),
(267, 1267, 'SLN', 'SLN1267', 'OPEN', '2017-10-04 10:23:25', 0, 0),
(268, 1268, 'SLN', 'SLN1268', 'OPEN', '2017-10-04 10:23:26', 0, 0),
(269, 1269, 'SLN', 'SLN1269', 'OPEN', '2017-10-04 10:23:26', 0, 0),
(270, 1270, 'SLN', 'SLN1270', 'OPEN', '2017-10-04 10:23:26', 0, 0),
(271, 1271, 'SLN', 'SLN1271', 'OPEN', '2017-10-04 10:23:26', 0, 0),
(272, 1272, 'SLN', 'SLN1272', 'OPEN', '2017-10-04 10:23:26', 0, 0),
(273, 1273, 'SLN', 'SLN1273', 'OPEN', '2017-10-04 10:23:26', 0, 0),
(274, 1274, 'SLN', 'SLN1274', 'OPEN', '2017-10-04 10:23:26', 0, 0),
(275, 1275, 'SLN', 'SLN1275', 'OPEN', '2017-10-04 10:23:26', 0, 0),
(276, 1276, 'SLN', 'SLN1276', 'OPEN', '2017-10-04 10:23:26', 0, 0),
(277, 1277, 'SLN', 'SLN1277', 'OPEN', '2017-10-04 10:23:26', 0, 0),
(278, 1278, 'SLN', 'SLN1278', 'OPEN', '2017-10-04 10:23:26', 0, 0),
(279, 1279, 'SLN', 'SLN1279', 'OPEN', '2017-10-04 10:23:26', 0, 0),
(280, 1280, 'SLN', 'SLN1280', 'OPEN', '2017-10-04 10:23:26', 0, 0),
(281, 1281, 'SLN', 'SLN1281', 'OPEN', '2017-10-04 10:23:26', 0, 0),
(282, 1282, 'SLN', 'SLN1282', 'OPEN', '2017-10-04 10:23:26', 0, 0),
(283, 1283, 'SLN', 'SLN1283', 'OPEN', '2017-10-04 10:23:26', 0, 0),
(284, 1284, 'SLN', 'SLN1284', 'OPEN', '2017-10-04 10:23:26', 0, 0),
(285, 1285, 'SLN', 'SLN1285', 'OPEN', '2017-10-04 10:23:26', 0, 0),
(286, 1286, 'SLN', 'SLN1286', 'OPEN', '2017-10-04 10:23:26', 0, 0),
(287, 1287, 'SLN', 'SLN1287', 'OPEN', '2017-10-04 10:23:26', 0, 0),
(288, 1288, 'SLN', 'SLN1288', 'OPEN', '2017-10-04 10:23:26', 0, 0),
(289, 1289, 'SLN', 'SLN1289', 'OPEN', '2017-10-04 10:23:26', 0, 0),
(290, 1290, 'SLN', 'SLN1290', 'OPEN', '2017-10-04 10:23:26', 0, 0),
(291, 1291, 'SLN', 'SLN1291', 'OPEN', '2017-10-04 10:23:26', 0, 0),
(292, 1292, 'SLN', 'SLN1292', 'OPEN', '2017-10-04 10:23:26', 0, 0),
(293, 1293, 'SLN', 'SLN1293', 'OPEN', '2017-10-04 10:23:26', 0, 0),
(294, 1294, 'SLN', 'SLN1294', 'OPEN', '2017-10-04 10:23:26', 0, 0),
(295, 1295, 'SLN', 'SLN1295', 'OPEN', '2017-10-04 10:23:26', 0, 0),
(296, 1296, 'SLN', 'SLN1296', 'OPEN', '2017-10-04 10:23:26', 0, 0),
(297, 1297, 'SLN', 'SLN1297', 'OPEN', '2017-10-04 10:23:26', 0, 0),
(298, 1298, 'SLN', 'SLN1298', 'OPEN', '2017-10-04 10:23:26', 0, 0),
(299, 1299, 'SLN', 'SLN1299', 'OPEN', '2017-10-04 10:23:26', 0, 0),
(300, 1300, 'SLN', 'SLN1300', 'OPEN', '2017-10-04 10:23:26', 0, 0),
(301, 1301, 'SLN', 'SLN1301', 'OPEN', '2017-10-04 10:23:26', 0, 0),
(302, 1302, 'SLN', 'SLN1302', 'OPEN', '2017-10-04 10:23:26', 0, 0),
(303, 1303, 'SLN', 'SLN1303', 'OPEN', '2017-10-04 10:23:26', 0, 0),
(304, 1304, 'SLN', 'SLN1304', 'OPEN', '2017-10-04 10:23:26', 0, 0),
(305, 1305, 'SLN', 'SLN1305', 'OPEN', '2017-10-04 10:23:26', 0, 0),
(306, 1306, 'SLN', 'SLN1306', 'OPEN', '2017-10-04 10:23:26', 0, 0),
(307, 1307, 'SLN', 'SLN1307', 'OPEN', '2017-10-04 10:23:26', 0, 0),
(308, 1308, 'SLN', 'SLN1308', 'OPEN', '2017-10-04 10:23:27', 0, 0),
(309, 1309, 'SLN', 'SLN1309', 'OPEN', '2017-10-04 10:23:27', 0, 0),
(310, 1310, 'SLN', 'SLN1310', 'OPEN', '2017-10-04 10:23:27', 0, 0),
(311, 1311, 'SLN', 'SLN1311', 'OPEN', '2017-10-04 10:23:27', 0, 0),
(312, 1312, 'SLN', 'SLN1312', 'OPEN', '2017-10-04 10:23:27', 0, 0),
(313, 1313, 'SLN', 'SLN1313', 'OPEN', '2017-10-04 10:23:27', 0, 0),
(314, 1314, 'SLN', 'SLN1314', 'OPEN', '2017-10-04 10:23:27', 0, 0),
(315, 1315, 'SLN', 'SLN1315', 'OPEN', '2017-10-04 10:23:27', 0, 0),
(316, 1316, 'SLN', 'SLN1316', 'OPEN', '2017-10-04 10:23:27', 0, 0),
(317, 1317, 'SLN', 'SLN1317', 'OPEN', '2017-10-04 10:23:27', 0, 0),
(318, 1318, 'SLN', 'SLN1318', 'OPEN', '2017-10-04 10:23:27', 0, 0),
(319, 1319, 'SLN', 'SLN1319', 'OPEN', '2017-10-04 10:23:27', 0, 0),
(320, 1320, 'SLN', 'SLN1320', 'OPEN', '2017-10-04 10:23:27', 0, 0),
(321, 1321, 'SLN', 'SLN1321', 'OPEN', '2017-10-04 10:23:27', 0, 0),
(322, 1322, 'SLN', 'SLN1322', 'OPEN', '2017-10-04 10:23:27', 0, 0),
(323, 1323, 'SLN', 'SLN1323', 'OPEN', '2017-10-04 10:23:27', 0, 0),
(324, 1324, 'SLN', 'SLN1324', 'OPEN', '2017-10-04 10:23:27', 0, 0),
(325, 1325, 'SLN', 'SLN1325', 'OPEN', '2017-10-04 10:23:27', 0, 0),
(326, 1326, 'SLN', 'SLN1326', 'OPEN', '2017-10-04 10:23:27', 0, 0),
(327, 1327, 'SLN', 'SLN1327', 'OPEN', '2017-10-04 10:23:27', 0, 0),
(328, 1328, 'SLN', 'SLN1328', 'OPEN', '2017-10-04 10:23:27', 0, 0),
(329, 1329, 'SLN', 'SLN1329', 'OPEN', '2017-10-04 10:23:27', 0, 0),
(330, 1330, 'SLN', 'SLN1330', 'OPEN', '2017-10-04 10:23:27', 0, 0),
(331, 1331, 'SLN', 'SLN1331', 'OPEN', '2017-10-04 10:23:27', 0, 0),
(332, 1332, 'SLN', 'SLN1332', 'OPEN', '2017-10-04 10:23:27', 0, 0),
(333, 1333, 'SLN', 'SLN1333', 'OPEN', '2017-10-04 10:23:27', 0, 0),
(334, 1334, 'SLN', 'SLN1334', 'OPEN', '2017-10-04 10:23:27', 0, 0),
(335, 1335, 'SLN', 'SLN1335', 'OPEN', '2017-10-04 10:23:27', 0, 0),
(336, 1336, 'SLN', 'SLN1336', 'OPEN', '2017-10-04 10:23:27', 0, 0),
(337, 1337, 'SLN', 'SLN1337', 'OPEN', '2017-10-04 10:23:27', 0, 0),
(338, 1338, 'SLN', 'SLN1338', 'OPEN', '2017-10-04 10:23:27', 0, 0),
(339, 1339, 'SLN', 'SLN1339', 'OPEN', '2017-10-04 10:23:27', 0, 0),
(340, 1340, 'SLN', 'SLN1340', 'OPEN', '2017-10-04 10:23:27', 0, 0),
(341, 1341, 'SLN', 'SLN1341', 'OPEN', '2017-10-04 10:23:27', 0, 0),
(342, 1342, 'SLN', 'SLN1342', 'OPEN', '2017-10-04 10:23:27', 0, 0),
(343, 1343, 'SLN', 'SLN1343', 'OPEN', '2017-10-04 10:23:27', 0, 0),
(344, 1344, 'SLN', 'SLN1344', 'OPEN', '2017-10-04 10:23:27', 0, 0),
(345, 1345, 'SLN', 'SLN1345', 'OPEN', '2017-10-04 10:23:27', 0, 0),
(346, 1346, 'SLN', 'SLN1346', 'OPEN', '2017-10-04 10:23:28', 0, 0),
(347, 1347, 'SLN', 'SLN1347', 'OPEN', '2017-10-04 10:23:28', 0, 0),
(348, 1348, 'SLN', 'SLN1348', 'OPEN', '2017-10-04 10:23:28', 0, 0),
(349, 1349, 'SLN', 'SLN1349', 'OPEN', '2017-10-04 10:23:28', 0, 0),
(350, 1350, 'SLN', 'SLN1350', 'OPEN', '2017-10-04 10:23:28', 0, 0),
(351, 100001, 'ONL', 'ONL100001', 'OPEN', '2017-11-25 05:41:37', 1, 3),
(352, 100002, 'ONL', 'ONL100002', 'OPEN', '2017-11-25 05:41:37', 1, 3);

-- --------------------------------------------------------

--
-- Table structure for table `user_login`
--

CREATE TABLE IF NOT EXISTS `user_login` (
  `id` int(10) NOT NULL AUTO_INCREMENT,
  `email` varchar(50) NOT NULL,
  `password` varchar(300) NOT NULL,
  `role` varchar(10) NOT NULL,
  `status` varchar(10) NOT NULL DEFAULT 'INACTIVE',
  `code` varchar(100) NOT NULL,
  PRIMARY KEY (`id`)
) ENGINE=InnoDB  DEFAULT CHARSET=latin1 AUTO_INCREMENT=3 ;

--
-- Dumping data for table `user_login`
--

INSERT INTO `user_login` (`id`, `email`, `password`, `role`, `status`, `code`) VALUES
(1, 'nengkhoiba.chungkham@gmail.com', 'welcome@1', 'ADMIN', 'ACTIVE', ''),
(2, 'nengkhoiba@mobimp.com', 'welcome', 'MANAGER', 'ACTIVE', '');

/*!40101 SET CHARACTER_SET_CLIENT=@OLD_CHARACTER_SET_CLIENT */;
/*!40101 SET CHARACTER_SET_RESULTS=@OLD_CHARACTER_SET_RESULTS */;
/*!40101 SET COLLATION_CONNECTION=@OLD_COLLATION_CONNECTION */;
